{
    "A": 1.7,
    "clusterlimite": 60,
    "concentracao": [
        0,
        0.055,
        0.060000000000000005,
        0.071,
        0.084,
        0.091,
        0.096,
        0.141,
        0.15,
        0.164,
        0.166,
        0.17999999999999997,
        0.189,
        0.253,
        0.26,
        0.28,
        0.299,
        0.303,
        0.315,
        0.317,
        0.328,
        0.347,
        0.394,
        0.401,
        0.426,
        0.5,
        0.6,
        0.7
    ],
    "mcsHistograma": 1000000,
    "numeroAmostras": 10,
    "numeroPontos": 300,
    "raio": 0.12,
    "relaxacaoHistograma": 500000,
    "t0": [
        2.053997465477236,
        2.0356454429029838,
        2.0302877892113274,
        2.0277695465255188,
        2.0163332243434424,
        2.0129535221651746,
        2.012027342139285,
        1.9643295406040415,
        1.9527682779432332,
        1.9362595965677365,
        1.9348079448350037,
        1.899333072844699,
        1.9036288614344745,
        1.6072308746522148,
        1.6124945724952167,
        1.5127406999519724,
        1.3904737270669931,
        1.3805726349134173,
        1.3658171200471654,
        1.3435711081844275,
        1.290339653716802,
        1.2316749272348602,
        1.0828065429213953,
        1.0464118463297571,
        0.9795695650511499,
        0.7824506,
        0.5280341,
        0.2181098
    ],
    "tamanhos": [
        10,
        15
    ]
}