{
    "A": 1.7,
    "concentracao": [
        0,
        0.021,
        0.025,
        0.04,
        0.05,
        0.06,
        0.07,
        0.075,
        0.08,
        0.09,
        0.1,
        0.11,
        0.12,
        0.13,
        0.14,
        0.15,
        0.16,
        0.17,
        0.18,
        0.198,
        0.2,
        0.22
    ],
    "mcsHistograma": 1000000,
    "mcsTroca": 500,
    "numeroAmostras": 10,
    "numeroPontos": 50,
    "raio": 0.12,
    "relaxacaoHistograma": 1000000,
    "t0": [
        2.093,
        2.0909936,
        2.0889829,
        2.0856345,
        2.0809486,
        2.0749293,
        2.0709165,
        2.06757246,
        2.0635596,
        2.0562027,
        2.04951,
        2.0421492,
        2.034788033333,
        2.0247516,
        2.0160443,
        2.005999366667,
        1.9952813,
        1.980563266667,
        1.959804533333,
        1.944392,
        1.923590433333,
        1.9021072
    ],
    "tamanhos": [
        10
    ]
}