{
    "A": 1.7,
    "B": -1,
    "concentracao": [
        0,
        0.021,
        0.025,
        0.04,
        0.05,
        0.06,
        0.07,
        0.075,
        0.08,
        0.09,
        0.1,
        0.11,
        0.12,
        0.13,
        0.14,
        0.15,
        0.16,
        0.17,
        0.18,
        0.198,
        0.2,
        0.22,
        0.3,
        0.4
    ],
    "mcsHistograma": 1000000,
    "mcsTroca": 500,
    "numeroAmostras": 10,
    "numeroPontos": 50,
    "raio": 0.12,
    "relaxacaoHistograma": 1000000,
    "t0": [
        2.0938997,
        2.091892414662,
        2.089885129325,
        2.083863273312,
        2.077841417299,
        2.071819561285,
        2.065797705272,
        2.065797705272,
        2.061783134597,
        2.053753993246,
        2.043717566558,
        2.037695710545,
        2.027659283857,
        2.017622857168,
        2.003571859804,
        1.989520862441,
        1.975469865077,
        1.9553970117,
        1.941346014336,
        1.889156595557,
        1.881127454206,
        1.862,
        1.57,
        0.417
    ],
    "tamanhos": [
        15,
        20
    ]
}