{
    "A": 1.7,
    "concentracao": [
        0,
        0.021,
        0.025,
        0.04,
        0.05,
        0.06,
        0.07,
        0.075,
        0.08,
        0.09,
        0.1,
        0.11,
        0.12,
        0.13,
        0.14,
        0.15,
        0.16,
        0.17,
        0.18,
        0.198,
        0.2,
        0.22
    ],
    "mcsHistograma": 1000000,
    "numeroAmostras": 9,
    "numeroPontos": 100,
    "raio": 0.12,
    "relaxacaoHistograma": 500000,
    "sementeAleatoria": 1,
    "t0": [
        2.093,
        2.09099,
        2.0872,
        2.0851,
        2.08183,
        2.07826,
        2.0738,
        2.07001,
        2.0664449,
        2.0617574,
        2.05328,
        2.047482,
        2.0378962,
        2.0291946,
        2.01426,
        2.0031,
        1.9912813,
        1.979883,
        1.96158,
        1.8903289,
        1.8830965,
        1.835
    ],
    "tamanhos": [
        10,
        15
    ]
}